{
  "loss": [
    0.19678419828414917,
    0.15926635265350342,
    0.15069864690303802,
    0.14274577796459198,
    0.137608602643013,
    0.1325741857290268,
    0.12204943597316742,
    0.1178191751241684,
    0.11418547481298447,
    0.11184343695640564,
    0.10843000560998917,
    0.10187887400388718,
    0.098537877202034,
    0.09548129886388779,
    0.09217722713947296,
    0.08983651548624039
  ],
  "mae": [
    0.5017044544219971,
    0.44915321469306946,
    0.43300747871398926,
    0.41855350136756897,
    0.40819135308265686,
    0.39793848991394043,
    0.37819355726242065,
    0.3702611029148102,
    0.3616778552532196,
    0.35607102513313293,
    0.350048691034317,
    0.3360831141471863,
    0.3281944990158081,
    0.32059141993522644,
    0.31347331404685974,
    0.30789613723754883
  ],
  "val_loss": [
    0.6600524187088013,
    0.6759613752365112,
    0.6916000843048096,
    0.7209982872009277,
    0.7404471039772034,
    0.7635583281517029,
    0.8367080092430115,
    0.8686031699180603,
    0.8540311455726624,
    0.8862004280090332,
    0.8632470369338989,
    0.8379309773445129,
    0.8436434268951416,
    0.8082149028778076,
    0.8176572918891907,
    0.8057798147201538
  ],
  "val_mae": [
    1.0924482345581055,
    1.115110993385315,
    1.1276261806488037,
    1.158691644668579,
    1.1785963773727417,
    1.2050741910934448,
    1.2815208435058594,
    1.314643383026123,
    1.2954673767089844,
    1.330390453338623,
    1.3055838346481323,
    1.2742972373962402,
    1.2811838388442993,
    1.243172287940979,
    1.2529247999191284,
    1.2393487691879272
  ],
  "learning_rate": [
    0.0010000000474974513,
    0.0010000000474974513,
    0.0010000000474974513,
    0.0010000000474974513,
    0.0010000000474974513,
    0.0010000000474974513,
    0.0005000000237487257,
    0.0005000000237487257,
    0.0005000000237487257,
    0.0005000000237487257,
    0.0005000000237487257,
    0.0002500000118743628,
    0.0002500000118743628,
    0.0002500000118743628,
    0.0002500000118743628,
    0.0002500000118743628
  ]
}